-- AUTOMATIC MENU EXPORT --
-- Date: 2026-01-13T01:35:11.685Z

-- Error fetching neighborhoods: Could not find the table 'public.neighborhoods' in the schema cache

-- Data for categories --
INSERT INTO public.categories (id, name, description, is_active, created_at, updated_at, display_order) VALUES ('964c2bbd-c0a2-4f11-a50a-9d09b1667dbd', 'Hambúrgueres', 'Nossos deliciosos hambúrgueres artesanais', true, '2026-01-07T01:58:49.201637+00:00', '2026-01-07T01:58:49.201637+00:00', 0) ON CONFLICT DO NOTHING;
INSERT INTO public.categories (id, name, description, is_active, created_at, updated_at, display_order) VALUES ('8e838aaf-92fd-4e9a-9fc7-6c8af39602a3', 'Combos', 'Combos especiais com hambúrguer + bebida + acompanhamento', true, '2026-01-07T01:58:49.201637+00:00', '2026-01-07T01:58:49.201637+00:00', 1) ON CONFLICT DO NOTHING;
INSERT INTO public.categories (id, name, description, is_active, created_at, updated_at, display_order) VALUES ('d04bd29a-cd96-4c23-8f22-bf67fa73c3fe', 'Bebidas', 'Refrigerantes, sucos e outras bebidas', true, '2026-01-07T01:58:49.201637+00:00', '2026-01-07T01:58:49.201637+00:00', 2) ON CONFLICT DO NOTHING;
INSERT INTO public.categories (id, name, description, is_active, created_at, updated_at, display_order) VALUES ('5c7fa1a4-48d6-4cbb-bcd7-2661ccda37f4', 'Acompanhamentos', 'Batatas, onion rings e outros acompanhamentos', true, '2026-01-07T01:58:49.201637+00:00', '2026-01-07T01:58:49.201637+00:00', 3) ON CONFLICT DO NOTHING;
INSERT INTO public.categories (id, name, description, is_active, created_at, updated_at, display_order) VALUES ('4f477f32-6595-419d-a63e-e79caea71b70', 'Adicionais', 'Adicionais de proteína, queijo, salada e molhos', true, '2026-01-07T01:58:49.201637+00:00', '2026-01-07T01:58:49.201637+00:00', 4) ON CONFLICT DO NOTHING;
INSERT INTO public.categories (id, name, description, is_active, created_at, updated_at, display_order) VALUES ('c93fed6a-9ca6-4b10-8d4e-03bccf1e139d', 'Sobremesas', 'Milk-shakes e sobremesas', true, '2026-01-07T01:58:49.201637+00:00', '2026-01-07T01:58:49.201637+00:00', 5) ON CONFLICT DO NOTHING;
INSERT INTO public.categories (id, name, description, is_active, created_at, updated_at, display_order) VALUES ('f7f3ddd0-0f60-4b07-a722-9858cd4af480', 'Complementos', '', true, '2026-01-10T22:32:56.159693+00:00', '2026-01-10T22:32:56.159693+00:00', 3) ON CONFLICT DO NOTHING;

-- Data for products --
INSERT INTO public.products (id, name, description, price, category_id, image_url, is_active, prep_time_minutes, created_at, updated_at, external_id, promotional_price, availability_status, daily_stock, display_order, available_all, available_for_delivery, available_for_pousada) VALUES ('b0c39287-c3eb-415a-98f5-4a5d1a500cd7', 'Água C/ Gás 500ml', 'Garrafa', 6, 'd04bd29a-cd96-4c23-8f22-bf67fa73c3fe', NULL, true, 15, '2026-01-07T01:58:49.201637+00:00', '2026-01-07T01:58:49.201637+00:00', NULL, NULL, 'available', NULL, 1, true, true, true) ON CONFLICT DO NOTHING;
INSERT INTO public.products (id, name, description, price, category_id, image_url, is_active, prep_time_minutes, created_at, updated_at, external_id, promotional_price, availability_status, daily_stock, display_order, available_all, available_for_delivery, available_for_pousada) VALUES ('da06a130-6e03-47fd-8e1c-517e1d7887a8', 'Água S/ Gás 500ml', 'Garrafa', 5, 'd04bd29a-cd96-4c23-8f22-bf67fa73c3fe', NULL, true, 15, '2026-01-07T01:58:49.201637+00:00', '2026-01-07T01:58:49.201637+00:00', NULL, NULL, 'available', NULL, 0, true, true, true) ON CONFLICT DO NOTHING;
INSERT INTO public.products (id, name, description, price, category_id, image_url, is_active, prep_time_minutes, created_at, updated_at, external_id, promotional_price, availability_status, daily_stock, display_order, available_all, available_for_delivery, available_for_pousada) VALUES ('bcf70344-51f3-4815-8d28-4bc303335933', 'Amstel Latão 473ml', 'Cerveja', 10, 'd04bd29a-cd96-4c23-8f22-bf67fa73c3fe', NULL, true, 15, '2026-01-07T01:58:49.201637+00:00', '2026-01-07T01:58:49.201637+00:00', NULL, NULL, 'available', NULL, 2, true, true, true) ON CONFLICT DO NOTHING;
INSERT INTO public.products (id, name, description, price, category_id, image_url, is_active, prep_time_minutes, created_at, updated_at, external_id, promotional_price, availability_status, daily_stock, display_order, available_all, available_for_delivery, available_for_pousada) VALUES ('a1ec1ed0-b11d-41c4-a45f-aeaa16a4a274', 'Now Bacon', 'Pão de brioche, um delicioso e suculento hamburguer artesanal de 120g acompanhado de queijo cheddar duplo, fatias de bacon (perfeito pra você que é apaixonado por bacon) e nossa incrível maionese verde. *Para evitar desperdício, marque na opção abaixo se desejar sachês*', 32.99, '964c2bbd-c0a2-4f11-a50a-9d09b1667dbd', 'https://idzpnbxowjfubehzcwqk.supabase.co/storage/v1/object/public/products/burguer_now/now_bacon_fritas_refrigerante_lata.jpg', true, 15, '2026-01-10T22:32:56.159693+00:00', '2026-01-10T22:32:56.159693+00:00', NULL, NULL, 'available', NULL, 12, true, true, true) ON CONFLICT DO NOTHING;
INSERT INTO public.products (id, name, description, price, category_id, image_url, is_active, prep_time_minutes, created_at, updated_at, external_id, promotional_price, availability_status, daily_stock, display_order, available_all, available_for_delivery, available_for_pousada) VALUES ('6b703663-e540-4413-85d3-4a0121918bce', 'Big Cheese Now + Fritas + Coca-Cola Lata', 'Pão de brioche, dois suculentos hamburguer artesanal de 150g cada, acompanhados de queijo cheddar duplo (dá até água na boca), com nossa incrível maionese verde pra finalizar + batata frita + Coca-Cola lata *Para evitar desperdício, marque na opção abaixo se desejar sachês*', 53.87, '8e838aaf-92fd-4e9a-9fc7-6c8af39602a3', 'https://idzpnbxowjfubehzcwqk.supabase.co/storage/v1/object/public/products/burguer_now/cheese_now_fritas_refrigerante_lata.jpg', true, 15, '2026-01-10T22:32:56.159693+00:00', '2026-01-10T22:32:56.159693+00:00', NULL, NULL, 'available', NULL, 18, true, true, true) ON CONFLICT DO NOTHING;
INSERT INTO public.products (id, name, description, price, category_id, image_url, is_active, prep_time_minutes, created_at, updated_at, external_id, promotional_price, availability_status, daily_stock, display_order, available_all, available_for_delivery, available_for_pousada) VALUES ('3d5edaf5-f743-44f3-93ed-efa520c89265', 'Big Bacon Now + Fritas + Coca-Cola Lata', 'Pão de brioche, duas saborosas carnes de 150g cada, acompanhados de queijo cheddar, bacon e molho especial da casa + Porção de batata frita + Coca Cola Lata #Hambúrguer', 56.89, '8e838aaf-92fd-4e9a-9fc7-6c8af39602a3', 'https://idzpnbxowjfubehzcwqk.supabase.co/storage/v1/object/public/products/burguer_now/big_bacon_now_fritas_coca-cola_lata.jpg', true, 15, '2026-01-10T22:32:56.159693+00:00', '2026-01-10T22:32:56.159693+00:00', NULL, NULL, 'available', NULL, 19, true, true, true) ON CONFLICT DO NOTHING;
INSERT INTO public.products (id, name, description, price, category_id, image_url, is_active, prep_time_minutes, created_at, updated_at, external_id, promotional_price, availability_status, daily_stock, display_order, available_all, available_for_delivery, available_for_pousada) VALUES ('b732eb20-68e8-4ab4-bb88-9efd82376f3b', 'Água Mineral 1,5L', 'Sem gás', 8, 'd04bd29a-cd96-4c23-8f22-bf67fa73c3fe', NULL, true, 15, '2026-01-11T20:39:30.437167+00:00', '2026-01-11T20:39:30.437167+00:00', NULL, NULL, 'available', NULL, 7, true, true, true) ON CONFLICT DO NOTHING;
INSERT INTO public.products (id, name, description, price, category_id, image_url, is_active, prep_time_minutes, created_at, updated_at, external_id, promotional_price, availability_status, daily_stock, display_order, available_all, available_for_delivery, available_for_pousada) VALUES ('7a0a78a9-c325-4085-be15-444d5035fb94', 'Heineken Long Neck', 'Cerveja 330ml', 12, 'd04bd29a-cd96-4c23-8f22-bf67fa73c3fe', NULL, true, 15, '2026-01-11T20:39:30.437167+00:00', '2026-01-11T20:39:30.437167+00:00', NULL, NULL, 'available', NULL, 8, true, true, true) ON CONFLICT DO NOTHING;
INSERT INTO public.products (id, name, description, price, category_id, image_url, is_active, prep_time_minutes, created_at, updated_at, external_id, promotional_price, availability_status, daily_stock, display_order, available_all, available_for_delivery, available_for_pousada) VALUES ('76cb5990-bc1d-4fa2-a8df-ed8e80c8b661', 'Coca Cola Lata', 'Refrigerante 350ml', 8, 'd04bd29a-cd96-4c23-8f22-bf67fa73c3fe', 'https://idzpnbxowjfubehzcwqk.supabase.co/storage/v1/object/public/products/burguer_now/refrigerante_lata_350_ml.jpg', true, 15, '2026-01-11T20:39:30.437167+00:00', '2026-01-11T20:39:30.437167+00:00', NULL, NULL, 'available', NULL, 9, true, true, true) ON CONFLICT DO NOTHING;
INSERT INTO public.products (id, name, description, price, category_id, image_url, is_active, prep_time_minutes, created_at, updated_at, external_id, promotional_price, availability_status, daily_stock, display_order, available_all, available_for_delivery, available_for_pousada) VALUES ('da78adf5-036b-4cac-acaa-9b2bea6e6141', 'Big Bacon Now', 'Pão de brioche, duas saborosas carnes de 120g cada, acompanhadas de queijo cheddar, bacon e molho especial da casa. Hambúrguer em dobro', 44.9, '964c2bbd-c0a2-4f11-a50a-9d09b1667dbd', 'https://idzpnbxowjfubehzcwqk.supabase.co/storage/v1/object/public/products/burguer_now/big_bacon_now_fritas_coca-cola_lata.jpg', true, 15, '2026-01-10T22:32:56.159693+00:00', '2026-01-10T22:32:56.159693+00:00', NULL, NULL, 'available', NULL, 14, true, true, true) ON CONFLICT DO NOTHING;
INSERT INTO public.products (id, name, description, price, category_id, image_url, is_active, prep_time_minutes, created_at, updated_at, external_id, promotional_price, availability_status, daily_stock, display_order, available_all, available_for_delivery, available_for_pousada) VALUES ('9862efb3-010f-44bd-80af-c1d5759f867b', 'Big Cheese Now', 'Pão de brioche, dois suculentos hamburguer artesanal de 150g cada, acompanhados de queijo prato duplo (dá até água na boca), com nossa incrível maionese verde pra finalizar. *Para evitar desperdício, marque na opção abaixo se desejar sachês*', 42.85, '964c2bbd-c0a2-4f11-a50a-9d09b1667dbd', 'https://idzpnbxowjfubehzcwqk.supabase.co/storage/v1/object/public/products/burguer_now/cheese_now_fritas_refrigerante_lata.jpg', true, 15, '2026-01-10T22:32:56.159693+00:00', '2026-01-10T22:32:56.159693+00:00', NULL, NULL, 'available', NULL, 15, true, true, true) ON CONFLICT DO NOTHING;
INSERT INTO public.products (id, name, description, price, category_id, image_url, is_active, prep_time_minutes, created_at, updated_at, external_id, promotional_price, availability_status, daily_stock, display_order, available_all, available_for_delivery, available_for_pousada) VALUES ('6785f0e6-c059-4af1-8540-a6687d6a3a35', 'Batata Frita 220g', '', 18.99, 'f7f3ddd0-0f60-4b07-a722-9858cd4af480', 'https://idzpnbxowjfubehzcwqk.supabase.co/storage/v1/object/public/products/burguer_now/batata_frita_220g.jpg', true, 15, '2026-01-10T22:32:56.159693+00:00', '2026-01-10T22:32:56.159693+00:00', NULL, NULL, 'available', NULL, 4, true, true, true) ON CONFLICT DO NOTHING;
INSERT INTO public.products (id, name, description, price, category_id, image_url, is_active, prep_time_minutes, created_at, updated_at, external_id, promotional_price, availability_status, daily_stock, display_order, available_all, available_for_delivery, available_for_pousada) VALUES ('6ea53900-a998-49cc-9119-3a662ecbb84a', 'Água Mineral 500ml', 'Sem gás', 5, 'd04bd29a-cd96-4c23-8f22-bf67fa73c3fe', NULL, true, 15, '2026-01-11T20:39:30.437167+00:00', '2026-01-11T20:39:30.437167+00:00', NULL, NULL, 'available', NULL, 5, true, true, true) ON CONFLICT DO NOTHING;
INSERT INTO public.products (id, name, description, price, category_id, image_url, is_active, prep_time_minutes, created_at, updated_at, external_id, promotional_price, availability_status, daily_stock, display_order, available_all, available_for_delivery, available_for_pousada) VALUES ('cc0eb8c9-984e-4943-9c40-eb30fb8dc932', 'Água com Gás 500ml', 'Com gás', 5, 'd04bd29a-cd96-4c23-8f22-bf67fa73c3fe', NULL, true, 15, '2026-01-11T20:39:30.437167+00:00', '2026-01-11T20:39:30.437167+00:00', NULL, NULL, 'available', NULL, 6, true, true, true) ON CONFLICT DO NOTHING;
INSERT INTO public.products (id, name, description, price, category_id, image_url, is_active, prep_time_minutes, created_at, updated_at, external_id, promotional_price, availability_status, daily_stock, display_order, available_all, available_for_delivery, available_for_pousada) VALUES ('40695c00-4fca-4c56-8dd5-dc028b32ae0a', 'Guaraná Lata', 'Refrigerante 350ml', 8, 'd04bd29a-cd96-4c23-8f22-bf67fa73c3fe', 'https://idzpnbxowjfubehzcwqk.supabase.co/storage/v1/object/public/products/burguer_now/refrigerante_lata_350_ml.jpg', true, 15, '2026-01-11T20:39:30.437167+00:00', '2026-01-11T20:39:30.437167+00:00', NULL, NULL, 'available', NULL, 10, true, true, true) ON CONFLICT DO NOTHING;
INSERT INTO public.products (id, name, description, price, category_id, image_url, is_active, prep_time_minutes, created_at, updated_at, external_id, promotional_price, availability_status, daily_stock, display_order, available_all, available_for_delivery, available_for_pousada) VALUES ('566e0897-e4dc-43cc-823a-8f67f2ca2634', 'Cheese Now + Fritas + Refrigerante Lata', 'Pão de brioche, um delicioso e suculento hamburguer artesanal de 150g acompanhado de queijo cheddar duplo (no momento está sendo servido com queijo Prato) e nossa incrivel maionese verde + batata frita + Refrigerante Lata *Para evitar desperdício, marque na opção abaixo se desejar sachês*', 45.98, '8e838aaf-92fd-4e9a-9fc7-6c8af39602a3', 'https://idzpnbxowjfubehzcwqk.supabase.co/storage/v1/object/public/products/burguer_now/cheese_now_fritas_refrigerante_lata.jpg', true, 15, '2026-01-10T22:32:56.159693+00:00', '2026-01-10T22:32:56.159693+00:00', NULL, NULL, 'available', NULL, 20, true, true, true) ON CONFLICT DO NOTHING;
INSERT INTO public.products (id, name, description, price, category_id, image_url, is_active, prep_time_minutes, created_at, updated_at, external_id, promotional_price, availability_status, daily_stock, display_order, available_all, available_for_delivery, available_for_pousada) VALUES ('e15613ef-4ec1-4854-8ef5-ccba0a51ac5a', 'Refrigerante Lata 350 ml', '', 8, 'd04bd29a-cd96-4c23-8f22-bf67fa73c3fe', NULL, true, 15, '2026-01-10T22:32:56.159693+00:00', '2026-01-10T22:32:56.159693+00:00', NULL, NULL, 'available', NULL, 3, true, true, true) ON CONFLICT DO NOTHING;
INSERT INTO public.products (id, name, description, price, category_id, image_url, is_active, prep_time_minutes, created_at, updated_at, external_id, promotional_price, availability_status, daily_stock, display_order, available_all, available_for_delivery, available_for_pousada) VALUES ('01547708-28c1-480f-97cf-b3f6a652258f', 'Batata Frita com Cheddar e Bacon 220g', '', 23.99, 'f7f3ddd0-0f60-4b07-a722-9858cd4af480', 'https://idzpnbxowjfubehzcwqk.supabase.co/storage/v1/object/public/products/burguer_now/batata_frita_com_cheddar_e_bacon_220g.jpg', true, 15, '2026-01-10T22:32:56.159693+00:00', '2026-01-10T22:32:56.159693+00:00', NULL, NULL, 'available', NULL, 11, true, true, true) ON CONFLICT DO NOTHING;
INSERT INTO public.products (id, name, description, price, category_id, image_url, is_active, prep_time_minutes, created_at, updated_at, external_id, promotional_price, availability_status, daily_stock, display_order, available_all, available_for_delivery, available_for_pousada) VALUES ('def11671-b32e-4c92-9ed3-f07b3fd990ea', 'Cheese Now', 'Pão de brioche, uma deliciosa e suculento hamburguer de 150g acompanhado de queijo cheddar duplo (no momento está sendo servido com queijo Prato) e molho especial da casa. Você come esse burger feliz da vida... Mas sobra espaço para uma batata crocante.', 29.99, '964c2bbd-c0a2-4f11-a50a-9d09b1667dbd', 'https://idzpnbxowjfubehzcwqk.supabase.co/storage/v1/object/public/products/burguer_now/cheese_now_fritas_refrigerante_lata.jpg', true, 15, '2026-01-10T22:32:56.159693+00:00', '2026-01-10T22:32:56.159693+00:00', NULL, NULL, 'available', NULL, 13, true, true, true) ON CONFLICT DO NOTHING;
INSERT INTO public.products (id, name, description, price, category_id, image_url, is_active, prep_time_minutes, created_at, updated_at, external_id, promotional_price, availability_status, daily_stock, display_order, available_all, available_for_delivery, available_for_pousada) VALUES ('fb454551-a473-4074-9253-aee0bc0bfa6f', 'Combo Casal + 2 Cocas', '2 Burger do Now + Batata Frita c/ cheddar e bacon + 2 Cocas Burger Burguer Hambúrguer', 74.9, '8e838aaf-92fd-4e9a-9fc7-6c8af39602a3', 'https://idzpnbxowjfubehzcwqk.supabase.co/storage/v1/object/public/products/burguer_now/combo_casal_2_cocas.jpg', true, 15, '2026-01-10T22:32:56.159693+00:00', '2026-01-10T22:32:56.159693+00:00', NULL, NULL, 'available', NULL, 17, true, true, true) ON CONFLICT DO NOTHING;
INSERT INTO public.products (id, name, description, price, category_id, image_url, is_active, prep_time_minutes, created_at, updated_at, external_id, promotional_price, availability_status, daily_stock, display_order, available_all, available_for_delivery, available_for_pousada) VALUES ('90197b18-21ff-4bda-90c8-46c550131dfd', 'Now Bacon + Fritas + Refrigerante Lata', 'Pão de brioche, uma deliciosa e suculenta carne de 150g acompanhada de queijo cheddar, fatias de bacon e molho especial da casa + Porção de batata frita + Refrigerante Lata #Hambúrguer', 47.98, '8e838aaf-92fd-4e9a-9fc7-6c8af39602a3', 'https://idzpnbxowjfubehzcwqk.supabase.co/storage/v1/object/public/products/burguer_now/now_bacon_fritas_refrigerante_lata.jpg', true, 15, '2026-01-10T22:32:56.159693+00:00', '2026-01-10T22:32:56.159693+00:00', NULL, NULL, 'available', NULL, 21, true, true, true) ON CONFLICT DO NOTHING;
INSERT INTO public.products (id, name, description, price, category_id, image_url, is_active, prep_time_minutes, created_at, updated_at, external_id, promotional_price, availability_status, daily_stock, display_order, available_all, available_for_delivery, available_for_pousada) VALUES ('81601e0e-6d3a-4520-8c42-3c60106f7867', 'Supreme Cheese Now', 'Essa maravilha é composta por pão de brioche, três incríveis e suculentos hamburguer artesanal de 120g cada, acompanhadas de queijo cheddar duplo e finalizado com nossa incrível maionese verde. (Produto somente para pessoas Supremas) *Para evitar desperdício, marque na opção abaixo se desejar sachês*', 54.99, '964c2bbd-c0a2-4f11-a50a-9d09b1667dbd', 'https://idzpnbxowjfubehzcwqk.supabase.co/storage/v1/object/public/products/burguer_now/supreme_cheese_now.jpg', true, 15, '2026-01-10T22:32:56.159693+00:00', '2026-01-10T22:32:56.159693+00:00', NULL, NULL, 'available', NULL, 16, true, true, true) ON CONFLICT DO NOTHING;

-- Table complement_groups is empty --

-- Table complement_items is empty --

-- Table product_complement_groups is empty --

-- Data for pousadas --
INSERT INTO public.pousadas (id, name, address, delivery_fee, is_active, created_at, latitude, longitude, delivery_radius_km, base_delivery_fee, fee_per_km, is_hq, show_banners, hidden_categories) VALUES ('3cb3c4dd-3fff-4d7a-b85d-2cae886ca022', 'GuestHouse Casa da Aroeira', 'R. 4, 12 - Lot. Sitio do Campinho, Armação dos Búzios - RJ, 28950-000', 0, true, '2026-01-07T00:49:42.489214+00:00', NULL, NULL, 5, 5, 1.5, false, true, '[]') ON CONFLICT DO NOTHING;
INSERT INTO public.pousadas (id, name, address, delivery_fee, is_active, created_at, latitude, longitude, delivery_radius_km, base_delivery_fee, fee_per_km, is_hq, show_banners, hidden_categories) VALUES ('a0eebc99-9c0b-4ef8-bb6d-6bb9bd380a11', 'Burger Now', 'R. das Flores de Maio, 97 - ManguinhosArmação dos Búzios - RJ, 28953-610', 5, true, '2026-01-06T21:50:40.117216+00:00', -22.7719498, -41.9080818, 6, 5, 2, true, false, '[]') ON CONFLICT DO NOTHING;

-- Table product_pousadas is empty --

